<beans xmlns="http://www.springframework.org/schema/beans"
    xmlns:xsi="http://www.w3.org/2001/XMLSchema-instance" xmlns:tx="http://www.springframework.org/schema/tx"
    xmlns:mvc="http://www.springframework.org/schema/mvc" xmlns:context="http://www.springframework.org/schema/context"
    xsi:schemaLocation="http://www.springframework.org/schema/beans http://www.springframework.org/schema/beans/spring-beans.xsd
       http://www.springframework.org/schema/tx http://www.springframework.org/schema/tx/spring-tx.xsd
       
         http://www.springframework.org/schema/beans 
      http://www.springframework.org/schema/beans/spring-beans-3.2.xsd
      
       http://www.springframework.org/schema/mvc http://www.springframework.org/schema/mvc/spring-mvc.xsd
       http://www.springframework.org/schema/context http://www.springframework.org/schema/context/spring-context.xsd">
 
    <!-- Specifying base package of the Components like Controller, Service,
        DAO -->
    <context:component-scan base-package="com.vforum.controller" />
    <context:component-scan base-package="com.vforum.dao"/>
    <context:component-scan base-package="com.vforum.service"/>
 
    
    <mvc:annotation-driven />
 
    <!-- Specifying the Resource location to load JS, CSS, Images etc -->
    <mvc:resources mapping="/resources/**" location="/resources/" />
 
    <!-- View Resolver -->
    <bean
        class="org.springframework.web.servlet.view.InternalResourceViewResolver">
        <property name="prefix" value="/jsp/" />
        <property name="suffix" value=".jsp" />
    </bean>
 
    <!-- DataSource -->
    <bean class="org.springframework.jdbc.datasource.DriverManagerDataSource"
        id="dataSource">
        <property name="driverClassName" value="com.mysql.jdbc.Driver"></property>
        <property name="url" value="jdbc:mysql://localhost:3306/vforum"></property>
        <property name="username" value="root"></property>
        <property name="password" value="1"></property>
    </bean>
 
    <!-- Hibernate SessionFactory -->
    <bean id="sessionFactory"
        class="org.springframework.orm.hibernate4.LocalSessionFactoryBean">
        <property name="dataSource" ref="dataSource"></property>
        <property name="hibernateProperties">
            <props>
                <prop key="hibernate.dialect">org.hibernate.dialect.MySQLDialect</prop>
                <prop key="hibernate.hbm2ddl.auto">true</prop>
                <prop key="hibernate.format_sql">true</prop>
                <prop key="hibernate.show_sql">update</prop>
            </props>
        </property>
        <property name="packagesToScan" value="com.vforum.model"></property>
    </bean>
 
    <!-- Transaction -->
    <bean id="transactionManager"
        class="org.springframework.orm.hibernate4.HibernateTransactionManager">
        <property name="sessionFactory" ref="sessionFactory" />
    </bean>
 
    <tx:annotation-driven transaction-manager="transactionManager" />
</beans>